approach,accuracy,precision,recall,f1_score,auc_roc
TFIDF_Turkish_Baseline,0.9882533197139939,0.9911206368646662,0.9877937137625877,0.9894543787253554,0.9992829923120844
BERTurk,0.9972761321075928,0.9975587427525175,0.9975587427525175,0.9975587427525175,0.999928205228234
XLMR_ZeroShot,0.9559073884916581,0.9736346516007532,0.9465974977113213,0.9599257310846356,0.9947284306943682
TFIDF_FewShot_50TR,0.8220973782771536,0.9335664335664335,0.7332926457125419,0.8213980516151085,0.9436374615483771
XLMR_FewShot_50TR,0.8435478379298604,0.7836862367661213,0.9938968568812938,0.8763621687071169,0.9597198429351301
XLMR_Mixed_100TR_200EN,0.9402451481103167,0.915861284820921,0.9832163564235581,0.9483443708609272,0.9842601419515419
